,No.,Title,Artist(s),Year
0,1,"""Levitating""",Dua Lipa,2021
1,2,"""Save Your Tears""",The Weeknd and Ariana Grande,2021
2,3,"""Blinding Lights""",The Weeknd,2021
3,4,"""Mood""",24kGoldn featuring Iann Dior,2021
4,5,"""Good 4 U""",Olivia Rodrigo,2021
5,6,"""Kiss Me More""",Doja Cat featuring SZA,2021
6,7,"""Leave the Door Open""",Silk Sonic (Bruno Mars and Anderson .Paak),2021
7,8,"""Drivers License""",Olivia Rodrigo,2021
8,9,"""Montero (Call Me by Your Name)""",Lil Nas X,2021
9,10,"""Peaches""",Justin Bieber featuring Daniel Caesar and Giveon,2021
10,11,"""Butter""",BTS,2021
11,12,"""Stay""",The Kid Laroi and Justin Bieber,2021
12,13,"""Deja Vu""",Olivia Rodrigo,2021
13,14,"""Positions""",Ariana Grande,2021
14,15,"""Bad Habits""",Ed Sheeran,2021
15,16,"""Heat Waves""",Glass Animals,2021
16,17,"""Without You""",The Kid Laroi,2021
17,18,"""Forever After All""",Luke Combs,2021
18,19,"""Go Crazy""",Chris Brown and Young Thug,2021
19,20,"""Astronaut in the Ocean""",Masked Wolf,2021
20,21,"""34+35""",Ariana Grande featuring Doja Cat and Megan Thee Stallion,2021
21,22,"""What You Know Bout Love""",Pop Smoke,2021
22,23,"""My Ex's Best Friend""",Machine Gun Kelly featuring Blackbear,2021
23,24,"""Industry Baby""",Lil Nas X and Jack Harlow,2021
24,25,"""Therefore I Am""",Billie Eilish,2021
25,26,"""Up""",Cardi B,2021
26,27,"""Fancy Like""",Walker Hayes,2021
27,28,"""Dakiti""",Bad Bunny and Jhay Cortez,2021
28,29,"""Best Friend""",Saweetie featuring Doja Cat,2021
29,30,"""Rapstar""",Polo G,2021
30,31,"""Heartbreak Anniversary""",Giveon,2021
31,32,"""For the Night""",Pop Smoke featuring Lil Baby and DaBaby,2021
32,33,"""Calling My Phone""",Lil Tjay and 6lack,2021
33,34,"""Beautiful Mistakes""",Maroon 5 featuring Megan Thee Stallion,2021
34,35,"""Holy""",Justin Bieber featuring Chance the Rapper,2021
35,36,"""On Me""",Lil Baby,2021
36,37,"""You Broke Me First""",Tate McRae,2021
37,38,"""Traitor""",Olivia Rodrigo,2021
38,39,"""Back in Blood""",Pooh Shiesty featuring Lil Durk,2021
39,40,"""I Hope""",Gabby Barrett featuring Charlie Puth,2021
40,41,"""Dynamite""",BTS,2021
41,42,"""Wockesha""",Moneybagg Yo,2021
42,43,"""You Right""",Doja Cat and the Weeknd,2021
43,44,"""Beat Box""",SpotemGottem featuring Pooh Shiesty or DaBaby,2021
44,45,"""Laugh Now Cry Later""",Drake featuring Lil Durk,2021
45,46,"""Need to Know""",Doja Cat,2021
46,47,"""Wants and Needs""",Drake featuring Lil Baby,2021
47,48,"""Way 2 Sexy""",Drake featuring Future and Young Thug,2021
48,49,"""Telepatía""",Kali Uchis,2021
49,50,"""Whoopty""",CJ,2021
50,51,"""Lemonade""",Internet Money and Gunna featuring Don Toliver and Nav,2021
51,52,"""Good Days""",SZA,2021
52,53,"""Starting Over""",Chris Stapleton,2021
53,54,"""Body""",Megan Thee Stallion,2021
54,55,"""Willow""",Taylor Swift,2021
55,56,"""Bang!""",AJR,2021
56,57,"""Better Together""",Luke Combs,2021
57,58,"""You're Mines Still""",Yung Bleu featuring Drake,2021
58,59,"""Every Chance I Get""",DJ Khaled featuring Lil Baby and Lil Durk,2021
59,60,"""Essence""",Wizkid featuring Justin Bieber and Tems,2021
60,61,"""Chasing After You""",Ryan Hurd and Maren Morris,2021
61,62,"""The Good Ones""",Gabby Barrett,2021
62,63,"""Leave Before You Love Me""",Marshmello and Jonas Brothers,2021
63,64,"""Glad You Exist""",Dan + Shay,2021
64,65,"""Lonely""",Justin Bieber and Benny Blanco,2021
65,66,"""Beggin'""",Måneskin,2021
66,67,"""Streets""",Doja Cat,2021
67,68,"""What's Next""",Drake,2021
68,69,"""Famous Friends""",Chris Young and Kane Brown,2021
69,70,"""Lil Bit""",Nelly and Florida Georgia Line,2021
70,71,"""Thot Shit""",Megan Thee Stallion,2021
71,72,"""Late at Night""",Roddy Ricch,2021
72,73,"""Kings & Queens""",Ava Max,2021
73,74,"""Anyone""",Justin Bieber,2021
74,75,"""Track Star""",Mooski,2021
75,76,"""Time Today""",Moneybagg Yo,2021
76,77,"""Cry Baby""",Megan Thee Stallion featuring DaBaby,2021
77,78,"""All I Want for Christmas Is You""",Mariah Carey,2021
78,79,"""No More Parties""",Coi Leray featuring Lil Durk,2021
79,80,"""What's Your Country Song""",Thomas Rhett,2021
80,81,"""One Too Many""",Keith Urban and Pink,2021
81,82,"""Arcade""",Duncan Laurence,2021
82,83,"""Yonaguni""",Bad Bunny,2021
83,84,"""Good Time""",Niko Moon,2021
84,85,"""If I Didn't Love You""",Jason Aldean and Carrie Underwood,2021
85,86,"""Knife Talk""",Drake featuring 21 Savage and Project Pat,2021
86,87,"""POV""",Ariana Grande,2021
87,88,"""Just the Way""",Parmalee and Blanco Brown,2021
88,89,"""Take My Breath""",The Weeknd,2021
89,90,"""We're Good""",Dua Lipa,2021
90,91,"""Hell of a View""",Eric Church,2021
91,92,"""Rockin' Around the Christmas Tree""",Brenda Lee,2021
92,93,"""Put Your Records On""",Ritt Momney,2021
93,94,"""Happier Than Ever""",Billie Eilish,2021
94,95,"""Single Saturday Night""",Cole Swindell,2021
95,96,"""Things a Man Oughta Know""",Lainey Wilson,2021
96,97,"""Throat Baby (Go Baby)""",BRS Kash,2021
97,98,"""Tombstone""",Rod Wave,2021
98,99,"""Drinkin' Beer. Talkin' God. Amen.""",Chase Rice featuring Florida Georgia Line,2021
99,100,"""Todo de Ti""",Rauw Alejandro,2021
100,1,"""Blinding Lights""",The Weeknd,2020
101,2,"""Circles""",Post Malone,2020
102,3,"""The Box""",Roddy Ricch,2020
103,4,"""Don't Start Now""",Dua Lipa,2020
104,5,"""Rockstar""",DaBaby featuring Roddy Ricch,2020
105,6,"""Adore You""",Harry Styles,2020
106,7,"""Life Is Good""",Future featuring Drake,2020
107,8,"""Memories""",Maroon 5,2020
108,9,"""The Bones""",Maren Morris,2020
109,10,"""Someone You Loved""",Lewis Capaldi,2020
110,11,"""Say So""",Doja Cat,2020
111,12,"""I Hope""",Gabby Barrett featuring Charlie Puth,2020
112,13,"""Whats Poppin""","Jack Harlow featuring DaBaby, Tory Lanez and Lil Wayne",2020
113,14,"""Dance Monkey""",Tones and I,2020
114,15,"""Savage""",Megan Thee Stallion featuring Beyoncé,2020
115,16,"""Roxanne""",Arizona Zervas,2020
116,17,"""Intentions""",Justin Bieber featuring Quavo,2020
117,18,"""Everything I Wanted""",Billie Eilish,2020
118,19,"""Roses (Imanbek Remix)""",Saint Jhn,2020
119,20,"""Watermelon Sugar""",Harry Styles,2020
120,21,"""Before You Go""",Lewis Capaldi,2020
121,22,"""Falling""",Trevor Daniel,2020
122,23,"""10,000 Hours""",Dan + Shay and Justin Bieber,2020
123,24,"""WAP""",Cardi B featuring Megan Thee Stallion,2020
124,25,"""Ballin'""",Mustard featuring Roddy Ricch,2020
125,26,"""Hot Girl Bummer""",Blackbear,2020
126,27,"""Blueberry Faygo""",Lil Mosey,2020
127,28,"""Heartless""",The Weeknd,2020
128,29,"""Bop""",DaBaby,2020
129,30,"""Lose You to Love Me""",Selena Gomez,2020
130,31,"""Good as Hell""",Lizzo,2020
131,32,"""Toosie Slide""",Drake,2020
132,33,"""Break My Heart""",Dua Lipa,2020
133,34,"""Chasin' You""",Morgan Wallen,2020
134,35,"""Savage Love (Laxed – Siren Beat)""",Jawsh 685 and Jason Derulo,2020
135,36,"""No Guidance""",Chris Brown featuring Drake,2020
136,37,"""My Oh My""",Camila Cabello featuring DaBaby,2020
137,38,"""Dynamite""",BTS,2020
138,39,"""Go Crazy""",Chris Brown and Young Thug,2020
139,40,"""High Fashion""",Roddy Ricch featuring Mustard,2020
140,41,"""Laugh Now Cry Later""",Drake featuring Lil Durk,2020
141,42,"""Woah""",Lil Baby,2020
142,43,"""Death Bed""",Powfu featuring Beabadoobee,2020
143,44,"""Señorita""",Shawn Mendes and Camila Cabello,2020
144,45,"""Highest in the Room""",Travis Scott,2020
145,46,"""Bad Guy""",Billie Eilish,2020
146,47,"""Mood""",24kGoldn featuring Iann Dior,2020
147,48,"""Rain on Me""",Lady Gaga and Ariana Grande,2020
148,49,"""For the Night""",Pop Smoke featuring Lil Baby and DaBaby,2020
149,50,"""Ritmo (Bad Boys for Life)""",Black Eyed Peas and J Balvin,2020
150,51,"""Heart on Ice""",Rod Wave,2020
151,52,"""Nobody but You""",Blake Shelton and Gwen Stefani,2020
152,53,"""Trampoline""",Shaed,2020
153,54,"""Come & Go""",Juice Wrld and Marshmello,2020
154,55,"""Truth Hurts""",Lizzo,2020
155,56,"""If the World Was Ending""",JP Saxe featuring Julia Michaels,2020
156,57,"""We Paid""",Lil Baby and 42 Dugg,2020
157,58,"""Yummy""",Justin Bieber,2020
158,59,"""One Man Band""",Old Dominion,2020
159,60,"""Got What I Got""",Jason Aldean,2020
160,61,"""Sunday Best""",Surfaces,2020
161,62,"""Godzilla""",Eminem featuring Juice Wrld,2020
162,63,"""Bandit""",Juice Wrld and YoungBoy Never Broke Again,2020
163,64,"""Party Girl""",StaySolidRocky,2020
164,65,"""Die from a Broken Heart""",Maddie & Tae,2020
165,66,"""Popstar""",DJ Khaled featuring Drake,2020
166,67,"""All I Want for Christmas Is You""",Mariah Carey,2020
167,68,"""One of Them Girls""",Lee Brice,2020
168,69,"""Hard to Forget""",Sam Hunt,2020
169,70,"""One Margarita""",Luke Bryan,2020
170,71,"""Panini""",Lil Nas X,2020
171,72,"""Hot""",Young Thug featuring Gunna,2020
172,73,"""I Hope You're Happy Now""",Carly Pearce and Lee Brice,2020
173,74,"""Emotionally Scarred""",Lil Baby,2020
174,75,"""Suicidal""",YNW Melly featuring Juice Wrld,2020
175,76,"""The Bigger Picture""",Lil Baby,2020
176,77,"""Only Human""",Jonas Brothers,2020
177,78,"""The Woo""",Pop Smoke featuring 50 Cent and Roddy Ricch,2020
178,79,"""Sum 2 Prove""",Lil Baby,2020
179,80,"""Stuck with U""",Ariana Grande and Justin Bieber,2020
180,81,"""Mood Swings""",Pop Smoke featuring Lil Tjay,2020
181,82,"""You Should Be Sad""",Halsey,2020
182,83,"""Dior""",Pop Smoke,2020
183,84,"""Supalonely""",Benee featuring Gus Dapperton,2020
184,85,"""Even Though I'm Leaving""",Luke Combs,2020
185,86,"""The Scotts""",The Scotts (Travis Scott and Kid Cudi),2020
186,87,"""Juicy""",Doja Cat and Tyga,2020
187,88,"""Be Like That""","Kane Brown, Swae Lee and Khalid",2020
188,89,"""Homesick""",Kane Brown,2020
189,90,"""Rags2Riches""",Rod Wave featuring ATR Son Son,2020
190,91,"""Bluebird""",Miranda Lambert,2020
191,92,"""Wishing Well""",Juice Wrld,2020
192,93,"""Does to Me""",Luke Combs featuring Eric Church,2020
193,94,"""Pussy Fairy (OTW)""",Jhené Aiko,2020
194,95,"""ILY (I Love You Baby)""",Surf Mesa featuring Emilee,2020
195,96,"""More Than My Hometown""",Morgan Wallen,2020
196,97,"""Lovin' on You""",Luke Combs,2020
197,98,"""Said Sum""",Moneybagg Yo,2020
198,99,"""Slide""",H.E.R. featuring YG,2020
199,100,"""Walk Em Down""",NLE Choppa featuring Roddy Ricch,2020
200,1,"""Old Town Road""",Lil Nas X featuring Billy Ray Cyrus,2019
201,2,"""Sunflower""",Post Malone and Swae Lee,2019
202,3,"""Without Me""",Halsey,2019
203,4,"""Bad Guy""",Billie Eilish,2019
204,5,"""Wow""",Post Malone,2019
205,6,"""Happier""",Marshmello and Bastille,2019
206,7,"""7 Rings""",Ariana Grande,2019
207,8,"""Talk""",Khalid,2019
208,9,"""Sicko Mode""",Travis Scott,2019
209,10,"""Sucker""",Jonas Brothers,2019
210,11,"""High Hopes""",Panic! at the Disco,2019
211,12,"""Thank U, Next""",Ariana Grande,2019
212,13,"""Truth Hurts""",Lizzo,2019
213,14,"""Dancing with a Stranger""",Sam Smith and Normani,2019
214,15,"""Señorita""",Shawn Mendes and Camila Cabello,2019
215,16,"""I Don't Care""",Ed Sheeran and Justin Bieber,2019
216,17,"""Eastside""","Benny Blanco, Halsey and Khalid",2019
217,18,"""Going Bad""",Meek Mill featuring Drake,2019
218,19,"""Shallow""",Lady Gaga and Bradley Cooper,2019
219,20,"""Better""",Khalid,2019
220,21,"""No Guidance""",Chris Brown featuring Drake,2019
221,22,"""Girls Like You""",Maroon 5 featuring Cardi B,2019
222,23,"""Sweet but Psycho""",Ava Max,2019
223,24,"""Suge""",DaBaby,2019
224,25,"""Middle Child""",J. Cole,2019
225,26,"""Drip Too Hard""",Lil Baby and Gunna,2019
226,27,"""Someone You Loved""",Lewis Capaldi,2019
227,28,"""Ransom""",Lil Tecca,2019
228,29,"""If I Can't Have You""",Shawn Mendes,2019
229,30,"""Goodbyes""",Post Malone featuring Young Thug,2019
230,31,"""Zeze""",Kodak Black featuring Travis Scott and Offset,2019
231,32,"""Better Now""",Post Malone,2019
232,33,"""Youngblood""",5 Seconds of Summer,2019
233,34,"""Money in the Grave""",Drake featuring Rick Ross,2019
234,35,"""Speechless""",Dan + Shay,2019
235,36,"""Break Up with Your Girlfriend, I'm Bored""",Ariana Grande,2019
236,37,"""Please Me""",Cardi B and Bruno Mars,2019
237,38,"""Money""",Cardi B,2019
238,39,"""You Need to Calm Down""",Taylor Swift,2019
239,40,"""Panini""",Lil Nas X,2019
240,41,"""Look Back at It""",A Boogie wit da Hoodie,2019
241,42,"""A Lot""",21 Savage,2019
242,43,"""Me!""",Taylor Swift featuring Brendon Urie,2019
243,44,"""Mia""",Bad Bunny featuring Drake,2019
244,45,"""Pop Out""",Polo G featuring Lil Tjay,2019
245,46,"""Beautiful Crazy""",Luke Combs,2019
246,47,"""Thotiana""",Blueface,2019
247,48,"""Lucid Dreams""",Juice Wrld,2019
248,49,"""Mo Bamba""",Sheck Wes,2019
249,50,"""Beautiful People""",Ed Sheeran featuring Khalid,2019
250,51,"""Wake Up in the Sky""","Gucci Mane, Bruno Mars and Kodak Black",2019
251,52,"""Whiskey Glasses""",Morgan Wallen,2019
252,53,"""God's Country""",Blake Shelton,2019
253,54,"""Be Alright""",Dean Lewis,2019
254,55,"""Pure Water""",Mustard and Migos,2019
255,56,"""The Git Up""",Blanco Brown,2019
256,57,"""Taki Taki""","DJ Snake featuring Selena Gomez, Ozuna and Cardi B",2019
257,58,"""Close to Me""",Ellie Goulding and Diplo featuring Swae Lee,2019
258,59,"""Envy Me""",Calboy,2019
259,60,"""You Say""",Lauren Daigle,2019
260,61,"""Hey Look Ma, I Made It""",Panic! at the Disco,2019
261,62,"""Circles""",Post Malone,2019
262,63,"""Beer Never Broke My Heart""",Luke Combs,2019
263,64,"""The London""","Young Thug, J. Cole and Travis Scott",2019
264,65,"""Con Calma""",Daddy Yankee and Katy Perry featuring Snow,2019
265,66,"""Murder on My Mind""",YNW Melly,2019
266,67,"""When the Party's Over""",Billie Eilish,2019
267,68,"""Act Up""",City Girls,2019
268,69,"""I Like It""","Cardi B, Bad Bunny and J Balvin",2019
269,70,"""Trampoline""",Shaed,2019
270,71,"""Leave Me Alone""",Flipp Dinero,2019
271,72,"""Breathin""",Ariana Grande,2019
272,73,"""Bury a Friend""",Billie Eilish,2019
273,74,"""Close Friends""",Lil Baby,2019
274,75,"""Baby Shark""",Pinkfong,2019
275,76,"""My Type""",Saweetie,2019
276,77,"""Worth It""",YK Osiris,2019
277,78,"""Only Human""",Jonas Brothers,2019
278,79,"""Knockin' Boots""",Luke Bryan,2019
279,80,"""Trip""",Ella Mai,2019
280,81,"""Rumor""",Lee Brice,2019
281,82,"""Swervin""",A Boogie wit da Hoodie featuring 6ix9ine,2019
282,83,"""How Do You Sleep?""",Sam Smith,2019
283,84,"""Baby""",Lil Baby and DaBaby,2019
284,85,"""Look What God Gave Her""",Thomas Rhett,2019
285,86,"""Good as You""",Kane Brown,2019
286,87,"""Clout""",Offset featuring Cardi B,2019
287,88,"""Love Lies""",Khalid and Normani,2019
288,89,"""One Thing Right""",Marshmello and Kane Brown,2019
289,90,"""Cash Shit""",Megan Thee Stallion featuring DaBaby,2019
290,91,"""Tequila""",Dan + Shay,2019
291,92,"""Shotta Flow""",NLE Choppa,2019
292,93,"""Hot Girl Summer""",Megan Thee Stallion featuring Nicki Minaj and Ty Dolla Sign,2019
293,94,"""Talk You Out of It""",Florida Georgia Line,2019
294,95,"""Beautiful""",Bazzi featuring Camila Cabello,2019
295,96,"""Eyes on You""",Chase Rice,2019
296,97,"""All to Myself""",Dan + Shay,2019
297,98,"""Boyfriend""",Ariana Grande and Social House,2019
298,99,"""Walk Me Home""",Pink,2019
299,100,"""Robbery""",Juice Wrld,2019
300,1,"""God's Plan""",Drake,2018
301,2,"""Perfect""",Ed Sheeran,2018
302,3,"""Meant to Be""",Bebe Rexha featuring Florida Georgia Line,2018
303,4,"""Havana""",Camila Cabello featuring Young Thug,2018
304,5,"""Rockstar""",Post Malone featuring 21 Savage,2018
305,6,"""Psycho""",Post Malone featuring Ty Dolla Sign,2018
306,7,"""I Like It""","Cardi B, Bad Bunny and J Balvin",2018
307,8,"""The Middle""","Zedd, Maren Morris and Grey",2018
308,9,"""In My Feelings""",Drake,2018
309,10,"""Girls Like You""",Maroon 5 featuring Cardi B,2018
310,11,"""Nice for What""",Drake,2018
311,12,"""Lucid Dreams""",Juice Wrld,2018
312,13,"""Better Now""",Post Malone,2018
313,14,"""Finesse""",Bruno Mars featuring Cardi B,2018
314,15,"""Boo'd Up""",Ella Mai,2018
315,16,"""New Rules""",Dua Lipa,2018
316,17,"""Sad!""",XXXTentacion,2018
317,18,"""Never Be the Same""",Camila Cabello,2018
318,19,"""Love Lies""",Khalid and Normani,2018
319,20,"""No Tears Left to Cry""",Ariana Grande,2018
320,21,"""Mine""",Bazzi,2018
321,22,"""Thunder""",Imagine Dragons,2018
322,23,"""Look Alive""",BlocBoy JB featuring Drake,2018
323,24,"""Delicate""",Taylor Swift,2018
324,25,"""Yes Indeed""",Lil Baby and Drake,2018
325,26,"""Friends""",Marshmello and Anne-Marie,2018
326,27,"""Bad at Love""",Halsey,2018
327,28,"""Taste""",Tyga featuring Offset,2018
328,29,"""Let You Down""",NF,2018
329,30,"""No Limit""",G-Eazy featuring ASAP Rocky and Cardi B,2018
330,31,"""Fefe""",6ix9ine featuring Nicki Minaj and Murda Beatz,2018
331,32,"""Tequila""",Dan + Shay,2018
332,33,"""Feel It Still""",Portugal. The Man,2018
333,34,"""MotorSport""","Migos, Nicki Minaj and Cardi B",2018
334,35,"""I Like Me Better""",Lauv,2018
335,36,"""Youngblood""",5 Seconds of Summer,2018
336,37,"""Whatever It Takes""",Imagine Dragons,2018
337,38,"""Ric Flair Drip""",Offset and Metro Boomin,2018
338,39,"""I Fall Apart""",Post Malone,2018
339,40,"""Pray for Me""",The Weeknd and Kendrick Lamar,2018
340,41,"""Back to You""",Selena Gomez,2018
341,42,"""Sicko Mode""",Travis Scott,2018
342,43,"""Walk It Talk It""",Migos featuring Drake,2018
343,44,"""Gucci Gang""",Lil Pump,2018
344,45,"""Him & I""",G-Eazy and Halsey,2018
345,46,"""In My Blood""",Shawn Mendes,2018
346,47,"""All the Stars""",Kendrick Lamar and SZA,2018
347,48,"""Stir Fry""",Migos,2018
348,49,"""Too Good at Goodbyes""",Sam Smith,2018
349,50,"""Love""",Kendrick Lamar featuring Zacari,2018
350,51,"""This Is America""",Childish Gambino,2018
351,52,"""Nonstop""",Drake,2018
352,53,"""Heaven""",Kane Brown,2018
353,54,"""Bodak Yellow""",Cardi B,2018
354,55,"""Freaky Friday""",Lil Dicky featuring Chris Brown,2018
355,56,"""Gummo""",6ix9ine,2018
356,57,"""Plug Walk""",Rich the Kid,2018
357,58,"""Wait""",Maroon 5,2018
358,59,"""Be Careful""",Cardi B,2018
359,60,"""Wolves""",Selena Gomez and Marshmello,2018
360,61,"""Bartier Cardi""",Cardi B featuring 21 Savage,2018
361,62,"""God Is a Woman""",Ariana Grande,2018
362,63,"""Big Bank""","YG featuring 2 Chainz, Nicki Minaj and Big Sean",2018
363,64,"""Sorry Not Sorry""",Demi Lovato,2018
364,65,"""How Long""",Charlie Puth,2018
365,66,"""Lights Down Low""",Max featuring Gnash,2018
366,67,"""Young Dumb & Broke""",Khalid,2018
367,68,"""One Kiss""",Calvin Harris and Dua Lipa,2018
368,69,"""Natural""",Imagine Dragons,2018
369,70,"""You Make It Easy""",Jason Aldean,2018
370,71,"""Shape of You""",Ed Sheeran,2018
371,72,"""I Get the Bag""",Gucci Mane featuring Migos,2018
372,73,"""No Brainer""","DJ Khaled featuring Justin Bieber, Chance the Rapper and Quavo",2018
373,74,"""Plain Jane""",ASAP Ferg featuring Nicki Minaj,2018
374,75,"""Sky Walker""",Miguel featuring Travis Scott,2018
375,76,"""Marry Me""",Thomas Rhett,2018
376,77,"""Eastside""","Benny Blanco, Halsey and Khalid",2018
377,78,"""Call Out My Name""",The Weeknd,2018
378,79,"""King's Dead""","Jay Rock, Kendrick Lamar, Future and James Blake",2018
379,80,"""Happier""",Marshmello and Bastille,2018
380,81,"""Te Boté""","Nio García, Darell and Casper Mágico featuring Bad Bunny, Nicky Jam and Ozuna",2018
381,82,"""Simple""",Florida Georgia Line,2018
382,83,"""Lemon""",N.E.R.D and Rihanna,2018
383,84,"""1-800-273-8255""",Logic featuring Alessia Cara and Khalid,2018
384,85,"""Say Something""",Justin Timberlake featuring Chris Stapleton,2018
385,86,"""I'm Upset""",Drake,2018
386,87,"""Get Along""",Kenny Chesney,2018
387,88,"""Moonlight""",XXXTentacion,2018
388,89,"""What Lovers Do""",Maroon 5 featuring SZA,2018
389,90,"""X""",Nicky Jam and J Balvin,2018
390,91,"""Outside Today""",YoungBoy Never Broke Again,2018
391,92,"""Trip""",Ella Mai,2018
392,93,"""Dura""",Daddy Yankee,2018
393,94,"""Changes""",XXXTentacion,2018
394,95,"""Mercy""",Brett Young,2018
395,96,"""One Number Away""",Luke Combs,2018
396,97,"""Powerglide""",Rae Sremmurd featuring Juicy J,2018
397,98,"""IDGAF""",Dua Lipa,2018
398,99,"""Mi Gente""",J Balvin and Willy William featuring Beyoncé,2018
399,100,"""Believer""",Imagine Dragons,2018
400,1,"""Shape of You""",Ed Sheeran,2017
401,2,"""Despacito (Remix)""",Luis Fonsi and Daddy Yankee featuring Justin Bieber,2017
402,3,"""That's What I Like""",Bruno Mars,2017
403,4,"""Humble""",Kendrick Lamar,2017
404,5,"""Something Just Like This""",The Chainsmokers and Coldplay,2017
405,6,"""Bad and Boujee""",Migos featuring Lil Uzi Vert,2017
406,7,"""Closer""",The Chainsmokers featuring Halsey,2017
407,8,"""Body Like a Back Road""",Sam Hunt,2017
408,9,"""Believer""",Imagine Dragons,2017
409,10,"""Congratulations""",Post Malone featuring Quavo,2017
410,11,"""Say You Won't Let Go""",James Arthur,2017
411,12,"""I'm the One""","DJ Khaled featuring Justin Bieber, Quavo, Chance the Rapper and Lil Wayne",2017
412,13,"""XO Tour Llif3""",Lil Uzi Vert,2017
413,14,"""Mask Off""",Future,2017
414,15,"""Unforgettable""",French Montana featuring Swae Lee,2017
415,16,"""24K Magic""",Bruno Mars,2017
416,17,"""Stay""",Zedd and Alessia Cara,2017
417,18,"""Wild Thoughts""",DJ Khaled featuring Rihanna and Bryson Tiller,2017
418,19,"""Black Beatles""",Rae Sremmurd featuring Gucci Mane,2017
419,20,"""Starboy""",The Weeknd featuring Daft Punk,2017
420,21,"""Location""",Khalid,2017
421,22,"""Attention""",Charlie Puth,2017
422,23,"""There's Nothing Holdin' Me Back""",Shawn Mendes,2017
423,24,"""Bodak Yellow""",Cardi B,2017
424,25,"""Redbone""",Childish Gambino,2017
425,26,"""I Don't Wanna Live Forever""",Zayn and Taylor Swift,2017
426,27,"""It Ain't Me""",Kygo and Selena Gomez,2017
427,28,"""iSpy""",Kyle featuring Lil Yachty,2017
428,29,"""Issues""",Julia Michaels,2017
429,30,"""Scars to Your Beautiful""",Alessia Cara,2017
430,31,"""1-800-273-8255""",Logic featuring Alessia Cara and Khalid,2017
431,32,"""Slow Hands""",Niall Horan,2017
432,33,"""Love on the Brain""",Rihanna,2017
433,34,"""I Feel It Coming""",The Weeknd featuring Daft Punk,2017
434,35,"""Bounce Back""",Big Sean,2017
435,36,"""Strip That Down""",Liam Payne featuring Quavo,2017
436,37,"""Fake Love""",Drake,2017
437,38,"""Don't Wanna Know""",Maroon 5 featuring Kendrick Lamar,2017
438,39,"""Look What You Made Me Do""",Taylor Swift,2017
439,40,"""Castle on the Hill""",Ed Sheeran,2017
440,41,"""Bad Things""",Machine Gun Kelly and Camila Cabello,2017
441,42,"""Paris""",The Chainsmokers,2017
442,43,"""Side to Side""",Ariana Grande featuring Nicki Minaj,2017
443,44,"""Rockabye""",Clean Bandit featuring Sean Paul and Anne-Marie,2017
444,45,"""Feel It Still""",Portugal. The Man,2017
445,46,"""Let Me Love You""",DJ Snake featuring Justin Bieber,2017
446,47,"""Sorry Not Sorry""",Demi Lovato,2017
447,48,"""Bank Account""",21 Savage,2017
448,49,"""Can't Stop the Feeling!""",Justin Timberlake,2017
449,50,"""Mi Gente""",J Balvin and Willy William featuring Beyoncé,2017
450,51,"""Thunder""",Imagine Dragons,2017
451,52,"""T-Shirt""",Migos,2017
452,53,"""Rake It Up""",Yo Gotti featuring Nicki Minaj,2017
453,54,"""Mercy""",Shawn Mendes,2017
454,55,"""Tunnel Vision""",Kodak Black,2017
455,56,"""Rockstar""",Post Malone featuring 21 Savage,2017
456,57,"""In Case You Didn't Know""",Brett Young,2017
457,58,"""Heathens""",Twenty One Pilots,2017
458,59,"""Now or Never""",Halsey,2017
459,60,"""Caroline""",Aminé,2017
460,61,"""Rolex""",Ayo & Teo,2017
461,62,"""DNA""",Kendrick Lamar,2017
462,63,"""Juju on That Beat (TZ Anthem)""",Zay Hilfigerrr & Zayion McCall,2017
463,64,"""Swang""",Rae Sremmurd,2017
464,65,"""Passionfruit""",Drake,2017
465,66,"""Loyalty""",Kendrick Lamar featuring Rihanna,2017
466,67,"""Praying""",Kesha,2017
467,68,"""Goosebumps""",Travis Scott,2017
468,69,"""Cold""",Maroon 5 featuring Future,2017
469,70,"""Broccoli""",DRAM featuring Lil Yachty,2017
470,71,"""Slide""",Calvin Harris featuring Frank Ocean and Migos,2017
471,72,"""What Ifs""",Kane Brown featuring Lauren Alaina,2017
472,73,"""Chained to the Rhythm""",Katy Perry featuring Skip Marley,2017
473,74,"""Feels""","Calvin Harris featuring Pharrell Williams, Katy Perry and Big Sean",2017
474,75,"""All Time Low""",Jon Bellion,2017
475,76,"""Hurricane""",Luke Combs,2017
476,77,"""Too Good at Goodbyes""",Sam Smith,2017
477,78,"""Young Dumb & Broke""",Khalid,2017
478,79,"""Magnolia""",Playboi Carti,2017
479,80,"""Love Galore""",SZA featuring Travis Scott,2017
480,81,"""Drowning""",A Boogie wit da Hoodie featuring Kodak Black,2017
481,82,"""Starving""",Hailee Steinfeld and Grey featuring Zedd,2017
482,83,"""Both""",Gucci Mane featuring Drake,2017
483,84,"""What About Us""",Pink,2017
484,85,"""Swalla""",Jason Derulo featuring Nicki Minaj and Ty Dolla Sign,2017
485,86,"""Slippery""",Migos featuring Gucci Mane,2017
486,87,"""Sign of the Times""",Harry Styles,2017
487,88,"""Water Under the Bridge""",Adele,2017
488,89,"""Malibu""",Miley Cyrus,2017
489,90,"""Down""",Marian Hill,2017
490,91,"""No Promises""",Cheat Codes featuring Demi Lovato,2017
491,92,"""Treat You Better""",Shawn Mendes,2017
492,93,"""I Get the Bag""",Gucci Mane featuring Migos,2017
493,94,"""Small Town Boy""",Dustin Lynch,2017
494,95,"""Everyday We Lit""",YFN Lucci featuring PnB Rock,2017
495,96,"""Havana""",Camila Cabello featuring Young Thug,2017
496,97,"""What Lovers Do""",Maroon 5 featuring SZA,2017
497,98,"""Do Re Mi""",Blackbear,2017
498,99,"""Look at Me!""",XXXTentacion,2017
499,100,"""The Fighter""",Keith Urban featuring Carrie Underwood,2017
500,1,"""Love Yourself""",Justin Bieber,2016
501,2,"""Sorry""",Justin Bieber,2016
502,3,"""One Dance""",Drake featuring Wizkid and Kyla,2016
503,4,"""Work""",Rihanna featuring Drake,2016
504,5,"""Stressed Out""",Twenty One Pilots,2016
505,6,"""Panda""",Desiigner,2016
506,7,"""Hello""",Adele,2016
507,8,"""Don't Let Me Down""",The Chainsmokers featuring Daya,2016
508,9,"""Can't Stop the Feeling!""",Justin Timberlake,2016
509,10,"""Closer""",The Chainsmokers featuring Halsey,2016
510,11,"""Cheap Thrills""",Sia featuring Sean Paul,2016
511,12,"""7 Years""",Lukas Graham,2016
512,13,"""Needed Me""",Rihanna,2016
513,14,"""My House""",Flo Rida,2016
514,15,"""I Took a Pill in Ibiza""",Mike Posner,2016
515,16,"""Work from Home""",Fifth Harmony featuring Ty Dolla Sign,2016
516,17,"""This Is What You Came For""",Calvin Harris featuring Rihanna,2016
517,18,"""Cake by the Ocean""",DNCE,2016
518,19,"""Me, Myself & I""",G-Eazy and Bebe Rexha,2016
519,20,"""Ride""",Twenty One Pilots,2016
520,21,"""Heathens""",Twenty One Pilots,2016
521,22,"""Pillowtalk""",Zayn,2016
522,23,"""Stitches""",Shawn Mendes,2016
523,24,"""Hotline Bling""",Drake,2016
524,25,"""Cold Water""",Major Lazer featuring Justin Bieber and MØ,2016
525,26,"""Send My Love (To Your New Lover)""",Adele,2016
526,27,"""Roses""",The Chainsmokers featuring Rozes,2016
527,28,"""Treat You Better""",Shawn Mendes,2016
528,29,"""Too Good""",Drake featuring Rihanna,2016
529,30,"""Low Life""",Future featuring The Weeknd,2016
530,31,"""What Do You Mean?""",Justin Bieber,2016
531,32,"""The Hills""",The Weeknd,2016
532,33,"""Just Like Fire""",P!nk,2016
533,34,"""Broccoli""",DRAM featuring Lil Yachty,2016
534,35,"""Don't""",Bryson Tiller,2016
535,36,"""Dangerous Woman""",Ariana Grande,2016
536,37,"""Jumpman""",Drake and Future,2016
537,38,"""I Hate U, I Love U""",Gnash featuring Olivia O'Brien,2016
538,39,"""Here""",Alessia Cara,2016
539,40,"""Same Old Love""",Selena Gomez,2016
540,41,"""Controlla""",Drake,2016
541,42,"""Like I'm Gonna Lose You""",Meghan Trainor featuring John Legend,2016
542,43,"""One Call Away""",Charlie Puth,2016
543,44,"""Let It Go""",James Bay,2016
544,45,"""No""",Meghan Trainor,2016
545,46,"""Never Forget You""",Zara Larsson and MNEK,2016
546,47,"""Let Me Love You""",DJ Snake featuring Justin Bieber,2016
547,48,"""Don't Mind""",Kent Jones,2016
548,49,"""H.O.L.Y.""",Florida Georgia Line,2016
549,50,"""We Don't Talk Anymore""",Charlie Puth featuring Selena Gomez,2016
550,51,"""Into You""",Ariana Grande,2016
551,52,"""Gold""",Kiiara,2016
552,53,"""Exchange""",Bryson Tiller,2016
553,54,"""679""",Fetty Wap featuring Remy Boyz,2016
554,55,"""Oui""",Jeremih,2016
555,56,"""Hands to Myself""",Selena Gomez,2016
556,57,"""2 Phones""",Kevin Gates,2016
557,58,"""Starboy""",The Weeknd featuring Daft Punk,2016
558,59,"""For Free""",DJ Khaled featuring Drake,2016
559,60,"""Never Be Like You""",Flume featuring Kai,2016
560,61,"""In the Night""",The Weeknd,2016
561,62,"""Me Too""",Meghan Trainor,2016
562,63,"""Ex's & Oh's""",Elle King,2016
563,64,"""Die a Happy Man""",Thomas Rhett,2016
564,65,"""White Iverson""",Post Malone,2016
565,66,"""Close""",Nick Jonas featuring Tove Lo,2016
566,67,"""Unsteady""",X Ambassadors,2016
567,68,"""Sucker for Pain""","Lil Wayne, Wiz Khalifa and Imagine Dragons with Logic and Ty Dolla Sign featuring X Ambassadors",2016
568,69,"""Down in the DM""",Yo Gotti featuring Nicki Minaj,2016
569,70,"""Luv""",Tory Lanez,2016
570,71,"""Sorry""",Beyoncé,2016
571,72,"""Can't Feel My Face""",The Weeknd,2016
572,73,"""Hymn for the Weekend""",Coldplay,2016
573,74,"""Say It""",Tory Lanez,2016
574,75,"""Antidote""",Travis Scott,2016
575,76,"""Lost Boy""",Ruth B,2016
576,77,"""Side to Side""",Ariana Grande featuring Nicki Minaj,2016
577,78,"""Sit Still, Look Pretty""",Daya,2016
578,79,"""Wildest Dreams""",Taylor Swift,2016
579,80,"""Middle""",DJ Snake featuring Bipolar Sunshine,2016
580,81,"""On My Mind""",Ellie Goulding,2016
581,82,"""Pop Style""",Drake featuring Jay-Z and Kanye West[a],2016
582,83,"""When We Were Young""",Adele,2016
583,84,"""Hide Away""",Daya,2016
584,85,"""Lean On""",Major Lazer and DJ Snake featuring MØ,2016
585,86,"""I Know What You Did Last Summer""",Shawn Mendes and Camila Cabello,2016
586,87,"""All the Way Up""",Fat Joe and Remy Ma featuring French Montana and Infared,2016
587,88,"""Watch Me""",Silentó,2016
588,89,"""Back to Sleep""",Chris Brown,2016
589,90,"""No Limit""",Usher featuring Young Thug,2016
590,91,"""Cut It""",O.T. Genasis featuring Young Dolph,2016
591,92,"""Really Really""",Kevin Gates,2016
592,93,"""All In My Head (Flex)""",Fifth Harmony featuring Fetty Wap,2016
593,94,"""Starving""",Hailee Steinfeld and Grey featuring Zedd,2016
594,95,"""Adventure of a Lifetime""",Coldplay,2016
595,96,"""Humble and Kind""",Tim McGraw,2016
596,97,"""Wicked""",Future,2016
597,98,"""Tiimmy Turner""",Desiigner,2016
598,99,"""See You Again""",Wiz Khalifa featuring Charlie Puth,2016
599,100,"""Perfect""",One Direction,2016
600,1,"""Uptown Funk""",Mark Ronson featuring Bruno Mars,2015
601,2,"""Thinking Out Loud""",Ed Sheeran,2015
602,3,"""See You Again""",Wiz Khalifa featuring Charlie Puth,2015
603,4,"""Trap Queen""",Fetty Wap,2015
604,5,"""Sugar""",Maroon 5,2015
605,6,"""Shut Up and Dance""",Walk the Moon,2015
606,7,"""Blank Space""",Taylor Swift,2015
607,8,"""Watch Me""",Silentó,2015
608,9,"""Earned It""",The Weeknd,2015
609,10,"""The Hills""",The Weeknd,2015
610,11,"""Cheerleader (Felix Jaehn Remix)""",OMI,2015
611,12,"""Can't Feel My Face""",The Weeknd,2015
612,13,"""Love Me Like You Do""",Ellie Goulding,2015
613,14,"""Take Me to Church""",Hozier,2015
614,15,"""Bad Blood""",Taylor Swift featuring Kendrick Lamar,2015
615,16,"""Lean On""",Major Lazer and DJ Snake featuring MØ,2015
616,17,"""Want to Want Me""",Jason Derulo,2015
617,18,"""Shake It Off""",Taylor Swift,2015
618,19,"""Where Are Ü Now""",Skrillex and Diplo (Jack Ü) featuring Justin Bieber,2015
619,20,"""Fight Song""",Rachel Platten,2015
620,21,"""679""",Fetty Wap featuring Remy Boyz,2015
621,22,"""Lips Are Movin""",Meghan Trainor,2015
622,23,"""Worth It""",Fifth Harmony featuring Kid Ink,2015
623,24,"""Post to Be""",Omarion featuring Chris Brown and Jhené Aiko,2015
624,25,"""Honey, I'm Good.""",Andy Grammer,2015
625,26,"""I'm Not the Only One""",Sam Smith,2015
626,27,"""Good for You""",Selena Gomez featuring ASAP Rocky,2015
627,28,"""All About That Bass""",Meghan Trainor,2015
628,29,"""Style""",Taylor Swift,2015
629,30,"""Hotline Bling""",Drake,2015
630,31,"""Hey Mama""","David Guetta featuring Nicki Minaj, Bebe Rexha and Afrojack",2015
631,32,"""G.D.F.R.""",Flo Rida featuring Sage the Gemini and Lookas,2015
632,33,"""What Do You Mean?""",Justin Bieber,2015
633,34,"""Photograph""",Ed Sheeran,2015
634,35,"""Hello""",Adele,2015
635,36,"""Stitches""",Shawn Mendes,2015
636,37,"""Talking Body""",Tove Lo,2015
637,38,"""Jealous""",Nick Jonas,2015
638,39,"""Time of Our Lives""",Pitbull and Ne-Yo,2015
639,40,"""Locked Away""",R. City featuring Adam Levine,2015
640,41,"""Somebody""",Natalie La Rose featuring Jeremih,2015
641,42,"""FourFiveSeconds""","Rihanna, Kanye West and Paul McCartney",2015
642,43,"""Centuries""",Fall Out Boy,2015
643,44,"""My Way""",Fetty Wap featuring Monty,2015
644,45,"""Take Your Time""",Sam Hunt,2015
645,46,"""Animals""",Maroon 5,2015
646,47,"""I Don't Fuck with You""",Big Sean featuring E-40,2015
647,48,"""Bitch Better Have My Money""",Rihanna,2015
648,49,"""Flex (Ooh, Ooh, Ooh)""",Rich Homie Quan,2015
649,50,"""Nasty Freestyle""",T-Wayne,2015
650,51,"""Only""","Nicki Minaj featuring Drake, Lil Wayne and Chris Brown",2015
651,52,"""Elastic Heart""",Sia,2015
652,53,"""Cool for the Summer""",Demi Lovato,2015
653,54,"""Renegades""",X Ambassadors,2015
654,55,"""I Don't Mind""",Usher featuring Juicy J,2015
655,56,"""Love Me Harder""",Ariana Grande and The Weeknd,2015
656,57,"""Wildest Dreams""",Taylor Swift,2015
657,58,"""Stay with Me""",Sam Smith,2015
658,59,"""You Know You Like It""",DJ Snake and AlunaGeorge,2015
659,60,"""Uma Thurman""",Fall Out Boy,2015
660,61,"""7/11""",Beyoncé,2015
661,62,"""The Heart Wants What It Wants""",Selena Gomez,2015
662,63,"""Girl Crush""",Little Big Town,2015
663,64,"""Slow Motion""",Trey Songz,2015
664,65,"""Drag Me Down""",One Direction,2015
665,66,"""Truffle Butter""",Nicki Minaj featuring Drake and Lil Wayne,2015
666,67,"""One Last Time""",Ariana Grande,2015
667,68,"""Chains""",Nick Jonas,2015
668,69,"""All Eyes on You""",Meek Mill featuring Chris Brown and Nicki Minaj,2015
669,70,"""No Type""",Rae Sremmurd,2015
670,71,"""Riptide""",Vance Joy,2015
671,72,"""Classic Man""",Jidenna featuring Roman GianArthur,2015
672,73,"""Ex's & Oh's""",Elle King,2015
673,74,"""Dear Future Husband""",Meghan Trainor,2015
674,75,"""Marvin Gaye""",Charlie Puth featuring Meghan Trainor,2015
675,76,"""Like I'm Gonna Lose You""",Meghan Trainor featuring John Legend,2015
676,77,"""Habits (Stay High)""",Tove Lo,2015
677,78,"""The Hanging Tree""",James Newton Howard featuring Jennifer Lawrence,2015
678,79,"""CoCo""",O.T. Genasis,2015
679,80,"""Bang Bang""","Jessie J, Ariana Grande and Nicki Minaj",2015
680,81,"""Lay Me Down""",Sam Smith,2015
681,82,"""Tuesday""",ILoveMakonnen featuring Drake,2015
682,83,"""Hit the Quan""",iLoveMemphis,2015
683,84,"""Downtown""","Macklemore & Ryan Lewis featuring Eric Nally, Melle Mel, Kool Moe Dee and Grandmaster Caz",2015
684,85,"""House Party""",Sam Hunt,2015
685,86,"""Ayo""",Chris Brown and Tyga,2015
686,87,"""Kick the Dust Up""",Luke Bryan,2015
687,88,"""Blessings""",Big Sean featuring Drake and Kanye West,2015
688,89,"""Budapest""",George Ezra,2015
689,90,"""Chandelier""",Sia,2015
690,91,"""Heartbeat Song""",Kelly Clarkson,2015
691,92,"""Don't""",Ed Sheeran,2015
692,93,"""Ghost""",Ella Henderson,2015
693,94,"""Here""",Alessia Cara,2015
694,95,"""Waves (Robin Schulz Remix)""",Mr Probz,2015
695,96,"""El Perdón""",Nicky Jam and Enrique Iglesias,2015
696,97,"""She Knows""",Ne-Yo featuring Juicy J,2015
697,98,"""Night Changes""",One Direction,2015
698,99,"""Back to Back""",Drake,2015
699,100,"""How Deep Is Your Love""",Calvin Harris and Disciples,2015
700,1,"""Happy""",Pharrell Williams,2014
701,2,"""Dark Horse""",Katy Perry featuring Juicy J,2014
702,3,"""All of Me""",John Legend,2014
703,4,"""Fancy""",Iggy Azalea featuring Charli XCX,2014
704,5,"""Counting Stars""",OneRepublic,2014
705,6,"""Talk Dirty""",Jason Derulo featuring 2 Chainz,2014
706,7,"""Rude""",Magic!,2014
707,8,"""All About That Bass""",Meghan Trainor,2014
708,9,"""Problem""",Ariana Grande featuring Iggy Azalea,2014
709,10,"""Stay with Me""",Sam Smith,2014
710,11,"""Timber""",Pitbull featuring Kesha,2014
711,12,"""Pompeii""",Bastille,2014
712,13,"""Shake It Off""",Taylor Swift,2014
713,14,"""Am I Wrong""",Nico & Vinz,2014
714,15,"""Turn Down for What""",DJ Snake and Lil Jon,2014
715,16,"""The Monster""",Eminem featuring Rihanna,2014
716,17,"""Say Something""",A Great Big World and Christina Aguilera,2014
717,18,"""Team""",Lorde,2014
718,19,"""Let Her Go""",Passenger,2014
719,20,"""Royals""",Lorde,2014
720,21,"""Let It Go""",Idina Menzel,2014
721,22,"""Wake Me Up""",Avicii,2014
722,23,"""Demons""",Imagine Dragons,2014
723,24,"""Story of My Life""",One Direction,2014
724,25,"""Chandelier""",Sia,2014
725,26,"""Black Widow""",Iggy Azalea featuring Rita Ora,2014
726,27,"""Bang Bang""","Jessie J, Ariana Grande and Nicki Minaj",2014
727,28,"""Latch""",Disclosure featuring Sam Smith,2014
728,29,"""Maps""",Maroon 5,2014
729,30,"""Loyal""",Chris Brown featuring Lil Wayne and French Montana or Too Short or Tyga,2014
730,31,"""Best Day of My Life""",American Authors,2014
731,32,"""Habits (Stay High)""",Tove Lo,2014
732,33,"""Summer""",Calvin Harris,2014
733,34,"""Boom Clap""",Charli XCX,2014
734,35,"""Drunk in Love""",Beyoncé featuring Jay-Z,2014
735,36,"""Anaconda""",Nicki Minaj,2014
736,37,"""Break Free""",Ariana Grande featuring Zedd,2014
737,38,"""Bailando""",Enrique Iglesias featuring Descemer Bueno and Gente de Zona,2014
738,39,"""Burn""",Ellie Goulding,2014
739,40,"""Wiggle""",Jason Derulo featuring Snoop Dogg,2014
740,41,"""Rather Be""",Clean Bandit featuring Jess Glynne,2014
741,42,"""Don't Tell 'Em""",Jeremih featuring YG,2014
742,43,"""Show Me""",Kid Ink featuring Chris Brown,2014
743,44,"""Wrecking Ball""",Miley Cyrus,2014
744,45,"""Not a Bad Thing""",Justin Timberlake,2014
745,46,"""Roar""",Katy Perry,2014
746,47,"""Ain't It Fun""",Paramore,2014
747,48,"""The Man""",Aloe Blacc,2014
748,49,"""This Is How We Roll""",Florida Georgia Line featuring Luke Bryan,2014
749,50,"""Classic""",MKTO,2014
750,51,"""A Sky Full of Stars""",Coldplay,2014
751,52,"""Don't""",Ed Sheeran,2014
752,53,"""Na Na""",Trey Songz,2014
753,54,"""Hot Boy""",Bobby Shmurda,2014
754,55,"""Hold On, We're Going Home""",Drake featuring Majid Jordan,2014
755,56,"""Sing""",Ed Sheeran,2014
756,57,"""Radioactive""",Imagine Dragons,2014
757,58,"""My Hitta""",YG featuring Jeezy and Rich Homie Quan,2014
758,59,"""Cool Kids""",Echosmith,2014
759,60,"""Hey Brother""",Avicii,2014
760,61,"""Trumpets""",Jason Derulo,2014
761,62,"""Animals""",Maroon 5,2014
762,63,"""Burnin' It Down""",Jason Aldean,2014
763,64,"""Play It Again""",Luke Bryan,2014
764,65,"""2 On""",Tinashe featuring ScHoolboy Q,2014
765,66,"""Dirt""",Florida Georgia Line,2014
766,67,"""Love Runs Out""",OneRepublic,2014
767,68,"""Bottoms Up""",Brantley Gilbert,2014
768,69,"""Shower""",Becky G,2014
769,70,"""Me and My Broken Heart""",Rixton,2014
770,71,"""Animals""",Martin Garrix,2014
771,72,"""Lifestyle""",Rich Gang featuring Young Thug and Rich Homie Quan,2014
772,73,"""American Kids""",Kenny Chesney,2014
773,74,"""Brave""",Sara Bareilles,2014
774,75,"""Sweater Weather""",The Neighbourhood,2014
775,76,"""Leave the Night On""",Sam Hunt,2014
776,77,"""New Flame""",Chris Brown featuring Usher and Rick Ross,2014
777,78,"""Love Never Felt So Good""",Michael Jackson and Justin Timberlake,2014
778,79,"""Drunk on a Plane""",Dierks Bentley,2014
779,80,"""Birthday""",Katy Perry,2014
780,81,"""Bartender""",Lady Antebellum,2014
781,82,"""La La La""",Naughty Boy featuring Sam Smith,2014
782,83,"""Blurred Lines""",Robin Thicke featuring T.I. and Pharrell Williams,2014
783,84,"""Do What U Want""",Lady Gaga featuring R. Kelly,2014
784,85,"""Can't Remember to Forget You""",Shakira featuring Rihanna,2014
785,86,"""Amnesia""",5 Seconds of Summer,2014
786,87,"""No Mediocre""",T.I. featuring Iggy Azalea,2014
787,88,"""Come with Me Now""",KONGOS,2014
788,89,"""Believe Me""",Lil Wayne featuring Drake,2014
789,90,"""23""","Mike WiLL Made-It featuring Miley Cyrus, Wiz Khalifa, and Juicy J",2014
790,91,"""Beachin'""",Jake Owen,2014
791,92,"""White Walls""",Macklemore & Ryan Lewis featuring ScHoolboy Q and Hollis,2014
792,93,"""She Looks So Perfect""",5 Seconds of Summer,2014
793,94,"""Stay the Night""",Zedd featuring Hayley Williams,2014
794,95,"""Partition""",Beyoncé,2014
795,96,"""Studio""",ScHoolboy Q featuring BJ the Chicago Kid,2014
796,97,"""0 to 100 / The Catch Up""",Drake,2014
797,98,"""I Don't Dance""",Lee Brice,2014
798,99,"""Somethin' Bad""",Miranda Lambert and Carrie Underwood,2014
799,100,"""Adore You""",Miley Cyrus,2014
800,1,"""Thrift Shop""",Macklemore & Ryan Lewis featuring Wanz,2013
801,2,"""Blurred Lines""",Robin Thicke featuring T.I. and Pharrell Williams,2013
802,3,"""Radioactive""",Imagine Dragons,2013
803,4,"""Harlem Shake""",Baauer,2013
804,5,"""Can't Hold Us""",Macklemore & Ryan Lewis featuring Ray Dalton,2013
805,6,"""Mirrors""",Justin Timberlake,2013
806,7,"""Just Give Me a Reason""",Pink featuring Nate Ruess,2013
807,8,"""When I Was Your Man""",Bruno Mars,2013
808,9,"""Cruise""",Florida Georgia Line featuring Nelly,2013
809,10,"""Roar""",Katy Perry,2013
810,11,"""Locked Out of Heaven""",Bruno Mars,2013
811,12,"""Ho Hey""",The Lumineers,2013
812,13,"""Stay""",Rihanna featuring Mikky Ekko,2013
813,14,"""Get Lucky""",Daft Punk featuring Pharrell Williams,2013
814,15,"""Royals""",Lorde,2013
815,16,"""I Knew You Were Trouble""",Taylor Swift,2013
816,17,"""We Can't Stop""",Miley Cyrus,2013
817,18,"""Wrecking Ball""",Miley Cyrus,2013
818,19,"""Wake Me Up""",Avicii,2013
819,20,"""Suit & Tie""",Justin Timberlake featuring Jay-Z,2013
820,21,"""Cups (Pitch Perfect's When I'm Gone)""",Anna Kendrick,2013
821,22,"""Holy Grail""",Jay-Z featuring Justin Timberlake,2013
822,23,"""Scream & Shout""",will.i.am featuring Britney Spears,2013
823,24,"""Clarity""",Zedd featuring Foxes,2013
824,25,"""Sail""",Awolnation,2013
825,26,"""Don't You Worry Child""",Swedish House Mafia featuring John Martin,2013
826,27,"""Diamonds""",Rihanna,2013
827,28,"""I Love It""",Icona Pop featuring Charli XCX,2013
828,29,"""Safe and Sound""",Capital Cities,2013
829,30,"""Treasure""",Bruno Mars,2013
830,31,"""The Way""",Ariana Grande featuring Mac Miller,2013
831,32,"""Started from the Bottom""",Drake,2013
832,33,"""Come & Get It""",Selena Gomez,2013
833,34,"""Hold On, We're Going Home""",Drake featuring Majid Jordan,2013
834,35,"""Daylight""",Maroon 5,2013
835,36,"""Feel This Moment""",Pitbull featuring Christina Aguilera,2013
836,37,"""Applause""",Lady Gaga,2013
837,38,"""One More Night""",Maroon 5,2013
838,39,"""Love Me""",Lil Wayne featuring Drake and Future,2013
839,40,"""My Songs Know What You Did in the Dark (Light Em Up)""",Fall Out Boy,2013
840,41,"""Fuckin' Problems""","ASAP Rocky featuring Drake, 2 Chainz and Kendrick Lamar",2013
841,42,"""Beauty and a Beat""",Justin Bieber featuring Nicki Minaj,2013
842,43,"""Same Love""",Macklemore & Ryan Lewis featuring Mary Lambert,2013
843,44,"""Sweet Nothing""",Calvin Harris featuring Florence Welch,2013
844,45,"""Summertime Sadness""",Lana Del Rey and Cédric Gervais,2013
845,46,"""Home""",Phillip Phillips,2013
846,47,"""It's Time""",Imagine Dragons,2013
847,48,"""Power Trip""",J. Cole featuring Miguel,2013
848,49,"""Girl on Fire""",Alicia Keys featuring Nicki Minaj,2013
849,50,"""Heart Attack""",Demi Lovato,2013
850,51,"""Love Somebody""",Maroon 5,2013
851,52,"""I Will Wait""",Mumford & Sons,2013
852,53,"""Try""",Pink,2013
853,54,"""Wagon Wheel""",Darius Rucker,2013
854,55,"""Gangnam Style""",Psy,2013
855,56,"""I Need Your Love""",Calvin Harris featuring Ellie Goulding,2013
856,57,"""Die Young""",Kesha,2013
857,58,"""Some Nights""",Fun,2013
858,59,"""Bad""",Wale featuring Tiara Thomas or Rihanna,2013
859,60,"""Boys 'Round Here""",Blake Shelton featuring Pistol Annies and Friends,2013
860,61,"""Gone, Gone, Gone""",Phillip Phillips,2013
861,62,"""Demons""",Imagine Dragons,2013
862,63,"""Counting Stars""",OneRepublic,2013
863,64,"""I Cry""",Flo Rida,2013
864,65,"""Little Talks""",Of Monsters and Men,2013
865,66,"""The Other Side""",Jason Derulo,2013
866,67,"""Berzerk""",Eminem,2013
867,68,"""Catch My Breath""",Kelly Clarkson,2013
868,69,"""Crash My Party""",Luke Bryan,2013
869,70,"""Pour It Up""",Rihanna,2013
870,71,"""22""",Taylor Swift,2013
871,72,"""I Want Crazy""",Hunter Hayes,2013
872,73,"""The Fox (What Does the Fox Say?)""",Ylvis,2013
873,74,"""Best Song Ever""",One Direction,2013
874,75,"""The A Team""",Ed Sheeran,2013
875,76,"""Carry On""",Fun,2013
876,77,"""Highway Don't Care""",Tim McGraw featuring Taylor Swift and Keith Urban,2013
877,78,"""That's My Kind of Night""",Luke Bryan,2013
878,79,"""Swimming Pools (Drank)""",Kendrick Lamar,2013
879,80,"""Sure Be Cool If You Did""",Blake Shelton,2013
880,81,"""#Beautiful""",Mariah Carey featuring Miguel,2013
881,82,"""Troublemaker""",Olly Murs featuring Flo Rida,2013
882,83,"""Body Party""",Ciara,2013
883,84,"""Adorn""",Miguel,2013
884,85,"""Hall of Fame""",The Script featuring will.i.am,2013
885,86,"""Let Me Love You (Until You Learn to Love Yourself)""",Ne-Yo,2013
886,87,"""U.O.E.N.O.""",Rocko featuring Future and Rick Ross,2013
887,88,"""Next to Me""",Emeli Sandé,2013
888,89,"""Mama's Broken Heart""",Miranda Lambert,2013
889,90,"""It Goes Like This""",Thomas Rhett,2013
890,91,"""Bugatti""",Ace Hood featuring Future and Rick Ross,2013
891,92,"""Wanted""",Hunter Hayes,2013
892,93,"""Downtown""",Lady Antebellum,2013
893,94,"""Get Your Shine On""",Florida Georgia Line,2013
894,95,"""#thatPower""",will.i.am featuring Justin Bieber,2013
895,96,"""Brave""",Sara Bareilles,2013
896,97,"""Let Her Go""",Passenger,2013
897,98,"""Runnin' Outta Moonlight""",Randy Houser,2013
898,99,"""I'm Different""",2 Chainz,2013
899,100,"""Still Into You""",Paramore,2013
900,1,"""Somebody That I Used to Know""",Gotye featuring Kimbra,2012
901,2,"""Call Me Maybe""",Carly Rae Jepsen,2012
902,3,"""We Are Young""",Fun featuring Janelle Monáe,2012
903,4,"""Payphone""",Maroon 5 featuring Wiz Khalifa,2012
904,5,"""Lights""",Ellie Goulding,2012
905,6,"""Glad You Came""",The Wanted,2012
906,7,"""Stronger (What Doesn't Kill You)""",Kelly Clarkson,2012
907,8,"""We Found Love""",Rihanna featuring Calvin Harris,2012
908,9,"""Starships""",Nicki Minaj,2012
909,10,"""What Makes You Beautiful""",One Direction,2012
910,11,"""Wild Ones""",Flo Rida featuring Sia,2012
911,12,"""Set Fire to the Rain""",Adele,2012
912,13,"""Sexy and I Know It""",LMFAO,2012
913,14,"""Some Nights""",Fun,2012
914,15,"""Wide Awake""",Katy Perry,2012
915,16,"""Good Feeling""",Flo Rida,2012
916,17,"""Whistle""",Flo Rida,2012
917,18,"""One More Night""",Maroon 5,2012
918,19,"""Drive By""",Train,2012
919,20,"""The Motto""",Drake featuring Lil Wayne,2012
920,21,"""Where Have You Been""",Rihanna,2012
921,22,"""Everybody Talks""",Neon Trees,2012
922,23,"""Take Care""",Drake featuring Rihanna,2012
923,24,"""Titanium""",David Guetta featuring Sia,2012
924,25,"""I Won't Give Up""",Jason Mraz,2012
925,26,"""It Will Rain""",Bruno Mars,2012
926,27,"""Mercy""","Kanye West, Big Sean, Pusha T and 2 Chainz",2012
927,28,"""Boyfriend""",Justin Bieber,2012
928,29,"""Party Rock Anthem""",LMFAO featuring Lauren Bennett and GoonRock,2012
929,30,"""Too Close""",Alex Clare,2012
930,31,"""Part of Me""",Katy Perry,2012
931,32,"""Young, Wild & Free""",Snoop Dogg and Wiz Khalifa featuring Bruno Mars,2012
932,33,"""We Are Never Ever Getting Back Together""",Taylor Swift,2012
933,34,"""As Long as You Love Me""",Justin Bieber featuring Big Sean,2012
934,35,"""Turn Me On""",David Guetta featuring Nicki Minaj,2012
935,36,"""Moves like Jagger""",Maroon 5 featuring Christina Aguilera,2012
936,37,"""Blow Me (One Last Kiss)""",Pink,2012
937,38,"""Good Time""",Owl City and Carly Rae Jepsen,2012
938,39,"""Give Your Heart a Break""",Demi Lovato,2012
939,40,"""Niggas in Paris""",Jay-Z and Kanye West,2012
940,41,"""The One That Got Away""",Katy Perry,2012
941,42,"""Feel So Close""",Calvin Harris,2012
942,43,"""Someone like You""",Adele,2012
943,44,"""Scream""",Usher,2012
944,45,"""Rack City""",Tyga,2012
945,46,"""Domino""",Jessie J,2012
946,47,"""Gangnam Style""",Psy,2012
947,48,"""International Love""",Pitbull featuring Chris Brown,2012
948,49,"""Home""",Phillip Phillips,2012
949,50,"""Without You""",David Guetta featuring Usher,2012
950,51,"""Ass Back Home""",Gym Class Heroes featuring Neon Hitch,2012
951,52,"""Wanted""",Hunter Hayes,2012
952,53,"""Drunk on You""",Luke Bryan,2012
953,54,"""No Lie""",2 Chainz featuring Drake,2012
954,55,"""Want U Back""",Cher Lloyd,2012
955,56,"""Don't Wake Me Up""",Chris Brown,2012
956,57,"""Dance (A$$)""",Big Sean featuring Nicki Minaj,2012
957,58,"""Springsteen""",Eric Church,2012
958,59,"""Brokenhearted""",Karmin,2012
959,60,"""Not Over You""",Gavin DeGraw,2012
960,61,"""Stereo Hearts""",Gym Class Heroes featuring Adam Levine,2012
961,62,"""Back in Time""",Pitbull,2012
962,63,"""Work Out""",J. Cole,2012
963,64,"""Rumour Has It""",Adele,2012
964,65,"""Let's Go""",Calvin Harris featuring Ne-Yo,2012
965,66,"""Good Girl""",Carrie Underwood,2012
966,67,"""Pontoon""",Little Big Town,2012
967,68,"""Ho Hey""",The Lumineers,2012
968,69,"""Paradise""",Coldplay,2012
969,70,"""Blown Away""",Carrie Underwood,2012
970,71,"""Rolling in the Deep""",Adele,2012
971,72,"""Climax""",Usher,2012
972,73,"""Work Hard, Play Hard""",Wiz Khalifa,2012
973,74,"""Let Me Love You (Until You Learn to Love Yourself)""",Ne-Yo,2012
974,75,"""Pound the Alarm""",Nicki Minaj,2012
975,76,"""Come Over""",Kenny Chesney,2012
976,77,"""Heart Attack""",Trey Songz,2012
977,78,"""Drank in My Cup""",Kirko Bangz,2012
978,79,"""Birthday Cake""",Rihanna featuring Chris Brown,2012
979,80,"""So Good""",B.o.B,2012
980,81,"""50 Ways to Say Goodbye""",Train,2012
981,82,"""Red Solo Cup""",Toby Keith,2012
982,83,"""Love You like a Love Song""",Selena Gomez & the Scene,2012
983,84,"""Turn Up the Music""",Chris Brown,2012
984,85,"""Die Young""",Kesha,2012
985,86,"""5 O'Clock""",T-Pain featuring Wiz Khalifa and Lily Allen,2012
986,87,"""A Thousand Years""",Christina Perri,2012
987,88,"""Take a Little Ride""",Jason Aldean,2012
988,89,"""You da One""",Rihanna,2012
989,90,"""We Run the Night""",Havana Brown featuring Pitbull,2012
990,91,"""It's Time""",Imagine Dragons,2012
991,92,"""Cashin' Out""",Cash Out,2012
992,93,"""I Don't Want This Night to End""",Luke Bryan,2012
993,94,"""Diamonds""",Rihanna,2012
994,95,"""Hard to Love""",Lee Brice,2012
995,96,"""Somethin' 'Bout a Truck""",Kip Moore,2012
996,97,"""Adorn""",Miguel,2012
997,98,"""Fly Over States""",Jason Aldean,2012
998,99,"""Even If It Breaks Your Heart""",Eli Young Band,2012
999,100,"""Burn It Down""",Linkin Park,2012
